precision,accuracy,recall,duration
0.28415300546448086,0.8524590163934426,0.3333333333333333,522.2422268390656
