precision,accuracy,recall,duration
0.3518147388858021,0.3524590163934426,0.352886489728595,953.5513076782227
