precision,accuracy,recall,duration
0.33298789673263723,0.3360655737704918,0.3363622732043785,505.84430384635925
