precision,accuracy,recall,duration
0.3886904761904762,0.8073770491803278,0.3650641025641026,490.4573073387146
