precision,accuracy,recall,duration
0.34586193151724626,0.639344262295082,0.3453809783597017,494.95739817619324
