precision,accuracy,recall,duration
0.3009144094343099,0.6434426229508197,0.30809238043280596,945.1090223789215
