precision,accuracy,recall,duration
0.30764283220317185,0.6311475409836066,0.3121112929623568,484.81917214393616
