precision,accuracy,recall,duration
0.2568306010928962,0.7704918032786885,0.3333333333333333,1795.4318108558655
