precision,accuracy,recall,duration
0.3680555555555556,0.7622950819672131,0.34083469721767595,223.09000444412231
