precision,accuracy,recall,duration
0.37029011676899,0.35684647302904565,0.36395226033333056,482.2208082675934
