precision,accuracy,recall,duration
0.25651577503429357,0.7663934426229508,0.33156028368794327,9.651782035827637
