precision,accuracy,recall,duration
0.3246582035751491,0.44672131147540983,0.327070245300288,485.4607558250427
