precision,accuracy,recall,duration
0.33740740740740743,0.3401639344262295,0.33836715972938886,496.8531231880188
