precision,accuracy,recall,duration
0.30522998693613507,0.30179028132992325,0.30632762675893993,494.54301953315735
