precision,accuracy,recall,duration
0.3500003226909847,0.3684210526315789,0.3461353142936619,482.3529281616211
