precision,accuracy,recall,duration
0.591304347826087,0.7336065573770492,0.3284233496999454,622.1238560676575
